310,1001,355724003104,60,29.99,Adrenal Fatigue Fighter
320,1001,355724003203,60,29.99,Anxiety Free
350,0903,355724003500,120,49.99,Arthritis Relief
119,1004,355724001193,60,19.99,AsthmaClear
548,1202,355724005481,60,21.99,Blood Pressure Formula
549,1202,355724005498,120,38.99,Blood Pressure Formula
124,1212,355724001247,60,17.99,Blood Sugar Balance
125,1211,355724001254,120,29.99,Blood Sugar Balance
134,1004,355724001346,60,18.99,ClearLungs (Chinese Herbal Formula)
136,1004,355724001360,120,32.99,ClearLungs (Chinese Herbal Formula)
555,1105,355724005559,30,11.99,ClearLungs Chest Rub
144,1004,355724001445,60,24.99,ClearLungs Extra Strength
146,1004,355724001469,120,39.99,ClearLungs Extra Strength
552,1204,355724005528,60,21.99,ClearLungs Liquid
161,1011,355724001612,60,14.99,DreamOn
340,0910,355724003401,120,49.99,Fibro Relief
305,1006,355724003050,120,46.99,Hair ReVive
380,1002,355724003807,120,49.99,Hunger-X
168,1106,355724001681,60,9.99,KidneyAid
172,1004,355724001728,60,9.99,LiverClean
562,1006,355724005627,60,31.99,Migraine Relief
306,1203,355724003067,120,23.99,Nail ReVive
181,0903,355724001810,60,34.99,ProstEase
587,1203,355724005870,60,25.99,SinusClear
307,1203,355724003074,60,39.99,Skin ReVive
360,0903,355724003609,120,49.99,TMJ Releif
191,1211,355724001919,60,29.99,Thyroid Thrive
325,1002,355724003258,60,29.99,UTIntensive
196,1011,355724001964,120,31.99,VisionAid
199,1001,355724001995,60,14.99,Water-X
